{
  "rules": [{
      "class" : "IgnoreRule",
      "selector": "//p/script[contains(@src,'playbuzz')]"
    }, {
      "class": "InteractiveRule",
      "selector" : "div.pb_feed",
      "properties" : {
        "interactive.iframe" : {
          "type" : "multiple",
          "children": [{
              "type": "fragment",
              "fragment": "<script type='text/javascript' src='//cdn.playbuzz.com/widget/feed.js'></script>"
            }, {
              "type": "element",
              "selector": "div.pb_feed"
            }
          ]
        }
      }
    }, {
      "class": "InteractiveRule",
      "selector" : "div.playbuzz",
      "properties" : {
        "interactive.iframe" : {
          "type" : "multiple",
          "children": [{
              "type": "fragment",
              "fragment": "<script type='text/javascript' src='//embed.playbuzz.com/sdk.js'></script>"
            }, {
              "type": "element",
              "selector": "div.playbuzz"
            }
          ]
        }
      }
    }
  ]
}
